Feature,Importance
Position_Diff,0.4251496426983325
Away_Form_L5,0.2902773661396001
Home_Form_L5,0.2845729911620674
Home_Advantage,0.0
