Feature,Importance
Position_Diff,0.4381324305503019
Home_Form_L5,0.28337499473821753
Away_Form_L5,0.27849257471148064
Home_Advantage,0.0
