{"baseline1_accuracy": 0.4411764705882353, "baseline2_accuracy": 0.49019607843137253, "baseline3_accuracy": 0.36764705882352944, "ai_accuracy": 0.44607843137254904}