{"baseline1_accuracy": 0.4473684210526316, "baseline2_accuracy": 0.5, "baseline3_accuracy": 0.3026315789473684, "ai_accuracy": 0.4407894736842105}