{"baseline_accuracy": 0.4473684210526316, "ai_accuracy": 0.4407894736842105}